index,term_frequency,document_frequency
please,2,1
sort,1,1
comments,1,1
by,19,1
new,21,6
to,104,6
find,4,2
questions,2,1
that,99,8
would,2,1
otherwise,2,1
be,26,1
buried,1,1
in,159,28
this,79,28
thread,2,1
you,4,1
can,18,1
ask,2,1
any,14,2
space,301,7
related,9,1
question,3,1
may,1,1
have,8,1
two,13,2
examples,15,2
of,435,28
potential,2,1
could,3,2
how,6,2
do,5,1
rockets,1,1
work,5,2
or,18,1
the,414,35
phases,1,1
moon,1,1
if,16,1
see,2,1
a,235,25
posted,1,1
another,1,1
subreddit,2,1
then,14,1
politely,1,1
link,2,1
them,3,1
xb,3,2
away,1,1
anything,1,1
great,1,1
keeping,1,1
looking,1,1
up,5,1
skies,1,1
i,7,1
know,1,1
its,13,1
mathematical,1,1
model,2,1
combining,4,3
dimensions,3,1
and,235,7
one,11,1
dimension,11,1
time,5,1
create,1,1
single,1,1
four,1,1
dimensional,1,1
spacetime,1,1
thanks,1,1
google,1,1
but,8,1
tf,1,1
what,3,1
does,2,1
mean,1,1
also,27,1
imply,1,1
there,6,1
are,88,2
multiple,1,1
httpsenynacokrviewaenhttpsenynacokrviewaen,1,1
seoul,1,1
jan,1,1
yonhap,1,1
south,2,1
korean,3,1
science,2,1
ministry,2,1
on,79,6
monday,1,1
warned,1,1
retired,1,1
us,3,2
satellite,4,1
possible,2,1
fall,2,1
peninsula,2,1
vicinities,1,1
later,2,1
day,1,1
launched,1,1
earth,4,1
radiation,2,1
budget,2,1
erbs,2,1
is,143,11
falling,1,1
after,3,1
completing,1,1
decadeslong,1,1
mission,1,1
study,29,14
absorbed,1,1
radiated,1,1
energy,1,1
from,13,1
sun,1,1
ict,1,1
said,2,1
forecast,1,1
crash,1,1
back,1,1
down,1,1
around,2,1
pm,1,1
included,2,1
regions,1,1
toward,1,1
erbsearth,1,1
pmkst,1,1
mhttpsdocmsitgokrsynapdocviewserverresultcedafaccafaa_efddeececbcbcedafaccafaa_efddeececbcbfilesimagebmppng,1,1
yellow,1,1
circle,2,1
red,2,1
httpsdocmsitgokrsynapdocviewserverresultcedafaccafaa_efddeececbcbcedafaccafaa_efddeececbcbfilesimagebmppng,1,1
while,2,1
enjoy,1,1
astrophotography,1,1
wish,1,1
was,4,1
more,4,1
discussion,1,1
about,5,1
news,1,1
events,1,1
cosmology,1,1
etc,2,1
mans,1,1
opinion,1,1
course,2,1
taken,1,1
october,1,1
kiawah,1,1
island,1,1
carolina,1,1
usa,1,1
using,15,2
pixel,1,1
beach,1,1
am,1,1
when,5,1
haphazardly,1,1
propped,1,1
my,1,1
phone,2,1
against,1,1
water,1,1
bottle,1,1
test,1,1
astronomy,1,1
function,21,2
result,11,1
brightest,1,1
light,3,1
at,9,1
bottom,1,1
shrimping,1,1
boat,1,1
which,45,1
stays,1,1
out,2,1
all,35,2
night,2,1
pulling,1,1
nets,1,1
much,2,1
like,4,1
stars,1,1
it,21,4
provided,1,1
bright,1,1
beacon,1,1
an,36,3
dark,1,1
foreboding,1,1
only,7,1
imagine,1,1
early,2,1
sailors,1,1
thought,1,1
as,59,2
they,9,1
sailed,1,1
under,8,1
starry,1,1
sky,1,1
love,1,1
orions,1,1
belt,1,1
popped,1,1
entire,2,1
spectrum,1,1
makes,1,1
for,76,2
striking,1,1
visual,2,1
given,10,2
scarcity,1,1
ambient,2,1
not,11,1
bad,1,1
shot,1,1
old,2,2
httpstlpnetworkcomnewscrewrescuemissionsscheduledfollowingmsleakhttpstlpnetworkcomnewscrewrescuemissionsscheduledfollowingmsleak,1,1
recommendations,1,1
good,2,1
books,1,1
mercury,1,1
gemini,1,1
programs,1,1
ive,1,1
read,1,1
bunch,1,1
saturn,1,1
amy,1,1
teitels,1,1
book,1,1
prenasa,1,1
days,1,1
nothing,1,1
yet,2,1
nasa,1,1
sapient,1,1
alien,1,1
race,1,1
civilization,1,1
planet,1,1
orbits,1,1
dwarf,1,1
httpspreviewredditledybqeuaajpgwidthformatpjpgautowebpsddbbafafbbfdfbbd,1,1
notion,9,3
strongly,5,1
baire,5,1
introduced,15,2
definition,4,2
transfinite,1,1
development,1,1
some,42,8
equivalent,4,1
reformulation,1,1
shown,7,2
every,18,2
namioka,1,1
betasigmaunfavorable,1,1
we,166,50
show,23,2
de,7,1
brangesrovnyak,2,1
spaces,442,14
include,7,1
special,7,1
cases,3,1
number,4,1
such,17,1
hardy,11,1
fock,3,1
hardysobolev,1,1
dirichlet,9,1
present,7,3
general,10,1
framework,3,1
these,35,1
obtained,8,1
specializing,1,1
sequence,4,1
appears,1,1
construction,8,2
exploit,1,1
approach,3,1
solve,4,1
interpolation,2,1
problems,2,1
basic,4,1
concept,6,2
type,17,2
theory,18,2
effectivity,2,1
tte,1,1
admissibly,3,1
represented,3,1
closely,2,1
qcbspaces,4,1
latter,3,1
form,4,1
wellbehaved,1,1
subclass,1,1
topological,17,3
give,14,1
survey,1,1
facts,2,1
effective,1,1
moreover,3,1
discuss,2,1
relationship,1,1
other,10,1
categories,1,1
relevant,1,1
computable,1,1
analysis,2,1
smarandache,6,5
multispace,3,3
union,3,3
n,5,3
a_a_,3,3
a_n,3,3
with,72,5
additional,3,3
conditions,7,3
holding,3,3
multispaces,3,3
linear,6,1
vector,8,1
classical,10,4
algebra,2,1
conception,3,1
multivector,2,1
characteristics,5,2
paper,39,24
metric,60,3
multimetric,2,1
banachs,1,1
fixedpoint,1,1
theorem,7,2
generalized,9,3
investigate,11,5
tangent,5,1
point,8,1
valued,6,2
derivatives,1,1
different,4,1
subspace,4,1
isometric,11,1
common,1,1
subspaces,14,1
completely,7,1
determinated,1,1
develop,2,1
covering,2,1
class,25,6
uniform,5,1
called,14,3
coverable,3,1
geodesic,6,1
connected,3,1
locally,13,2
pathwise,1,1
compact,25,1
particular,9,1
peano,1,1
continua,1,1
well,9,2
pathological,1,1
topologists,1,1
sine,1,1
curve,1,1
each,6,2
has,16,1
universal,10,1
cover,4,1
lifting,1,1
properties,19,1
associated,7,2
functorial,1,1
invariant,14,4
deck,1,1
group,7,1
fundamental,5,1
natural,4,2
homomorphism,1,1
obtain,8,1
specific,2,1
results,20,2
onedimensional,1,1
keywords,1,1
partial,9,1
b_vs,2,1
b_vtheta,1,1
extend,4,1
bmetric,3,1
rectangular,2,1
vgeneralized,2,1
so,6,1
proved,8,2
famous,1,1
theorems,7,1
banach,25,4
kannan,1,1
reich,1,1
fixed,3,1
valid,1,1
numerical,1,1
support,1,1
our,16,1
definitions,2,1
generalize,7,2
several,5,1
corresponding,4,1
literature,3,1
most,1,1
over,14,2
real,6,1
complex,12,2
domains,3,2
sequences,2,1
arise,1,1
practice,1,1
normed,2,1
complete,2,1
reflexive,8,3
dual,8,1
their,17,1
respective,1,1
continuous,13,1
functionals,1,1
countable,5,1
basis,4,1
exists,4,1
responsible,1,1
reflexivity,2,1
criterion,2,1
presented,6,1
quasifinitely,1,1
separating,1,1
map,4,1
quasiapproximate,1,1
identity,2,1
based,3,1
concepts,4,1
qfsspaces,8,1
quasicontinuous,3,1
maps,4,1
defined,12,1
characterizations,5,1
explored,1,1
main,8,2
qfsspace,1,1
closed,8,1
projection,2,1
retracts,2,1
kind,2,1
constructed,6,1
upper,4,1
powerspaces,1,1
fsspaces,1,1
necessary,4,1
sufficient,5,1
arbitrary,4,1
x,20,2
unique,1,1
pretangent,4,1
marked,1,1
ain,1,1
key,1,1
words,2,1
uniqueness,2,1
cantor,2,1
set,5,1
democracy,1,1
functions,20,2
wavelet,1,1
admissible,1,1
bases,2,1
computed,2,1
weighted,14,4
orlicz,3,1
terms,11,1
prove,28,5
greedy,1,1
lebesgue,8,1
sharp,2,1
embeddings,5,2
approximation,7,1
discrete,2,1
lorentz,3,1
identified,1,1
besov,15,2
define,6,3
thin,2,1
asymptotically,5,1
scattered,7,1
asymptotic,1,1
counterparts,3,1
respectively,3,1
characterize,6,1
prohibited,1,1
classify,5,3
coarse,8,2
equivalence,2,1
introduce,16,9
types,5,1
construct,8,3
distinct,1,1
transfer,1,1
gspaces,1,1
groups,4,1
quasibanach,4,1
coarsely,2,1
embedded,2,1
into,14,2
hilbert,26,3
embeds,2,1
compute,2,1
compression,4,1
exponent,3,1
equal,1,1
supremum,1,1
amounts,1,1
snowflakings,1,1
admit,1,1
bilipschitz,1,1
embedding,4,1
spacelike,3,1
biharmonic,2,1
surfaces,4,1
pseudoriemannian,1,1
explicit,6,1
proper,4,1
hypersurfaces,1,1
ads,1,1
erne,2,1
weakened,1,1
sobriety,2,1
order,13,1
sober,17,1
hypercompact,2,1
situations,2,1
where,5,1
directed,6,1
joins,2,1
were,3,1
missing,2,1
discussed,4,1
three,8,1
kinds,4,1
nonsober,3,1
cut,3,1
weakly,5,2
quasisober,3,1
namely,3,1
mathsfdc,3,1
mathsfrd,2,1
mathsfwd,3,1
investigated,5,1
xu,1,1
shen,1,1
xi,1,1
zhao,1,1
six,2,1
strictly,5,1
weaker,1,1
than,4,1
none,1,1
category,12,1
reflective,3,1
t_,12,1
mappings,1,1
first,9,1
classes,10,1
subsets,7,1
rudin,7,1
sets,10,1
wdd,6,1
lying,1,1
between,18,3
closures,1,1
irreducible,2,1
lie,3,1
dc,2,1
lies,1,1
formulate,1,1
wellfiltered,11,1
iff,6,1
core,2,1
immediate,2,1
corollary,2,1
giving,2,1
positive,1,1
answer,1,1
jiajung,1,1
problem,8,2
reflections,1,1
products,7,1
collection,1,1
leads,1,1
whose,7,1
answering,1,1
will,8,2
deepen,1,1
understanding,1,1
structures,6,1
mainly,2,1
hsober,10,1
subset,6,1
system,2,1
h,6,1
y,12,1
mathbbcx,6,1
f,3,1
xlongrightarrow,1,1
equipped,6,1
topology,8,1
pointwise,4,1
convergence,5,1
isbell,2,1
resp,5,1
dspace,3,1
compactopen,1,1
scott,1,1
ordered,3,1
convex,5,1
important,4,1
just,1,1
infrabarrelled,1,1
been,4,1
studied,3,1
purpose,2,2
initiate,2,2
bornological,2,1
addition,2,1
ultrabornological,1,1
ringed,8,1
finite,23,1
underlying,5,1
contains,6,1
fully,1,1
faithfully,1,1
affine,1,1
schemes,3,1
endowed,1,1
open,2,1
produces,1,1
homotopy,5,1
extending,2,1
stongs,1,1
classification,2,1
quasicoherent,1,1
modules,2,1
holomorphic,5,2
hartogs,2,1
triangle,2,1
canonical,6,1
family,4,1
includes,2,1
bergman,10,1
candidate,2,1
lp,2,1
mapping,2,1
szegho,1,1
whereas,1,1
bidisc,1,1
provide,5,1
dspaces,1,1
dealing,1,1
super,4,1
established,2,1
direct,3,1
hsobrifcations,1,1
hsobrifications,1,1
therefore,2,1
mathbftop_,2,1
property,11,1
m,6,2
hsobrification,2,1
preserves,2,1
rings,1,1
ring,1,1
multiring,2,1
deals,1,1
ltrametricity,1,1
found,4,1
betweenness,1,1
grand,6,1
morrey,8,1
establish,4,2
boundedness,5,2
hardylittlewood,2,2
maximal,5,1
calderonzygmund,2,1
operators,12,1
case,5,1
quasimetric,5,1
measure,11,1
doubling,4,1
even,2,1
euclidean,6,1
sobolev,4,1
ahlfors,3,1
regular,16,1
relation,3,2
traces,2,1
uncountable,1,1
no,3,1
reproducing,5,1
kernel,6,1
altered,2,1
cesaro,3,1
copson,1,1
nonideal,2,1
enlargement,2,1
usual,4,1
full,3,1
characterization,7,2
article,9,5
fourier,2,1
multipliers,6,1
product,1,1
descriptions,1,1
hmathbbttimesmathbbt,1,1
ell,1,1
hmathbbr_timesmathbbr_,1,1
l,2,1
nested,1,1
hardylorentz,2,1
use,2,1
coefficient,1,1
multiplier,1,1
certain,7,1
nonlocally,1,1
various,4,1
target,1,1
analytic,4,1
mixed,3,1
norm,6,1
short,3,1
characteristic,2,1
rearrangement,2,2
ri,6,2
symmetric,4,2
socalled,2,2
tchebychevs,1,1
reveal,1,1
r,1,1
majority,1,1
known,10,1
lebesgueriesz,1,1
marcinkiewicz,1,1
without,1,1
existence,5,1
rigged,3,1
extreme,1,1
projective,5,1
inductive,2,1
limit,1,1
contractive,1,1
same,4,1
closable,1,1
central,1,1
gromovhausdorff,1,1
considered,6,1
isometry,3,1
intrinsic,1,1
ie,1,1
points,4,1
explicitly,3,1
notions,4,2
p_zsmetric,4,1
analogous,2,2
ordinary,1,1
generally,1,1
lambdametric,2,1
continuance,1,1
view,1,1
coordination,1,1
follows,1,1
generalised,3,1
version,2,1
paleywiener,1,1
laplace,1,1
transform,1,1
infty,2,1
right,1,1
halfplane,1,1
example,6,1
fact,2,1
multiplication,2,1
characterisation,1,1
carleson,1,1
algebras,1,1
contained,3,1
within,1,1
happen,1,1
look,1,1
consequences,2,1
aim,2,2
smetric,5,1
cone,2,1
approaches,1,1
tvscone,1,1
ncone,1,1
directly,1,1
studies,3,1
relations,2,1
branges,3,1
focktype,2,1
nonradial,1,1
weights,3,1
realized,1,1
area,1,1
constructions,2,1
representing,1,1
weight,1,1
suggested,1,1
eg,1,1
depending,1,1
imaginary,1,1
part,1,1
described,1,1
geometry,3,1
branch,1,1
global,1,1
originally,1,1
developed,2,1
roe,1,1
largescale,2,1
counterpart,1,1
uniformities,1,1
very,3,1
generalisations,1,1
semiuniform,1,1
quasiuniform,1,1
start,1,1
generalise,1,1
semicoarse,1,1
quasicoarse,1,1
citee_,1,1
relaxed,1,1
similar,2,1
hold,2,1
others,1,1
lipschitzfree,6,2
ultrametric,1,1
isomorphic,4,1
c_,3,1
tiling,3,1
middlethird,1,1
selfsimilar,1,1
appearing,1,1
fractal,6,1
assouad,1,1
coincides,2,1
whole,2,1
heredity,1,1
sigmahereditarily,1,1
closurepreserving,1,1
knetwork,1,1
pointcountable,1,1
base,6,1
pointregular,1,1
nagataspaces,1,1
csemistratifiable,1,1
gammaspaces,1,1
semimetrizable,3,1
hyperspaces,1,1
nonempty,1,1
vietoris,1,1
metriclike,3,1
extension,5,1
quasiequal,1,1
separate,1,1
cauchy,2,1
cluster,1,1
diameter,1,1
weigted,1,1
ch_inftywi,1,1
connection,1,1
line,1,1
associate,2,1
trace,4,1
z,2,1
triebellizorkin,10,2
smoothness,1,1
indices,3,1
s,4,1
hajlaszsobolev,1,1
mpz,1,1
setting,2,1
since,2,1
onto,1,1
intrinsically,1,1
method,3,1
employs,1,1
via,3,1
hyperbolic,3,1
fillings,1,1
following,2,1
frinks,1,1
say,1,1
t_space,1,1
rcspace,1,1
whenever,3,1
constitutes,1,1
normal,3,1
rcspaces,4,1
exist,2,1
arises,1,1
niemytzki,1,1
plane,2,1
sorgenfrey,1,1
almost,4,2
complemented,4,1
disposition,2,1
aucd,3,1
generalization,1,1
kadec,1,1
separable,11,2
isometrically,3,1
fdd,3,1
contain,2,1
copies,1,1
ucd,2,1
consider,6,5
respect,4,1
subbergman,2,1
analogues,1,1
contractively,2,1
unit,2,2
disk,1,1
k,2,1
zhu,1,1
analyzed,1,1
blaschke,1,1
sultanic,1,1
proof,3,1
zhus,1,1
works,1,1
settings,1,1
stronger,1,1
relies,1,1
log,8,1
jet,8,1
mildly,1,1
singular,2,1
smooth,3,1
behave,1,1
varieties,4,1
myriad,1,1
contrast,1,1
kahler,1,1
differentials,1,1
arc,1,1
fernex,1,1
docampo,1,1
applications,6,2
structure,6,2
conclude,1,1
comparison,2,1
remarks,1,1
both,4,1
circular,1,1
bounded,2,1
realizations,2,1
unbounded,2,1
siegel,1,1
ii,1,1
bloch,4,2
focus,1,1
semihilbert,1,1
shall,1,1
minimal,1,1
suitable,1,1
semibanach,1,1
generalizedlush,1,1
glspaces,6,1
almostclspaces,1,1
lush,3,1
specially,1,1
crich,1,1
ck,1,1
twodimensional,2,1
hexagonal,1,1
cke,1,1
vectorvalued,1,1
glspace,5,1
e,1,1
stable,1,1
l_,1,1
l_inftysums,1,1
application,2,1
mazurulam,3,1
holds,1,1
larger,2,1
localglspaces,2,1
including,2,1
furthermore,4,1
stability,1,1
many,2,1
having,4,1
double,1,1
tensorial,1,1
quantities,1,1
nonlinear,2,1
dislocations,1,1
recent,1,1
papers,4,1
mathdg,1,1
arxiv,1,1
gave,2,1
description,1,1
moishezon,4,1
twistor,7,1
developing,2,1
further,2,1
models,2,1
conic,3,1
bundles,2,1
rational,1,1
minitwistor,6,1
source,1,1
series,2,1
selfdual,1,1
metrics,3,1
torus,2,1
action,5,1
d,1,1
joyce,3,1
actually,1,1
usubgroups,1,1
fixes,1,1
torusinvariant,1,1
sphere,1,1
determine,1,1
forms,3,1
next,1,1
analyzing,1,1
meromorphic,1,1
realize,1,1
caction,1,1
quotient,4,2
generates,1,1
numerous,1,1
cannot,3,1
authors,3,2
quite,1,1
remove,1,1
confusion,1,1
sorts,1,1
geographical,4,1
proposed,1,1
divided,1,1
rspace,1,1
phase,3,1
pspace,1,1
ospace,1,1
concrete,1,1
evaluated,1,1
through,1,1
digital,1,1
remotely,1,1
sensed,1,1
images,3,1
abstract,2,1
values,2,1
estimated,1,1
determined,1,1
crosssectional,1,1
data,2,1
offered,1,1
illustrate,1,1
systems,1,1
employed,1,1
explain,1,1
parameters,1,1
scaling,2,1
laws,2,1
allometric,1,1
growth,1,1
law,1,1
cities,1,1
hortons,1,1
rivers,1,1
composition,1,1
weak,1,1
strong,1,1
local,2,1
morreytype,1,1
network,6,1
coding,6,1
geometric,4,3
research,2,1
direction,1,1
information,2,1
flow,2,1
promising,1,1
field,4,1
shows,1,1
superiority,1,1
routing,5,1
literatures,1,1
terminal,4,1
nodes,2,1
superior,2,1
singlesource,1,1
multicast,1,1
five,1,1
pentagon,1,1
centered,1,1
node,2,1
compare,1,1
performance,1,1
quantitatively,1,1
optimal,2,1
moves,1,1
arbitrarily,1,1
cost,3,1
advantage,2,1
used,3,1
upperbound,1,1
figured,1,1
region,1,1
distance,9,1
varrhopq,1,1
dpq,1,1
differentiable,8,1
mathbb,6,1
rn,2,1
finsler,8,1
situated,1,1
curves,4,1
possess,1,1
geodesics,6,1
forerunners,1,1
greater,2,1
plenitude,1,1
become,1,1
arrive,1,1
spheres,1,1
variational,1,1
calculus,1,1
often,1,1
apply,2,1
considerations,1,1
let,2,2
mathcalh,3,1
omegamu,1,1
sigmafinite,1,1
multiplicatively,1,1
mi,8,1
lomega,2,1
fix,1,1
linftyomega,1,1
mathcalfsubseteq,1,1
best,3,1
fits,1,1
mathcalf,1,1
least,2,1
squares,1,1
sense,4,1
shift,1,1
si,4,1
fiberization,1,1
allows,2,1
context,2,1
abelian,1,1
hand,2,1
decomposable,3,1
decomposed,2,1
orthogonal,1,1
sum,2,1
extra,1,1
invariance,1,1
onetoone,1,1
finally,1,1
translation,1,1
correspondence,1,1
totally,1,1
matrix,12,1
size,1,1
mtimes,2,1
matrices,2,1
mathbbf,2,1
rank,4,1
mathcala,3,1
rankcritical,9,1
properly,1,1
note,2,1
exhibit,1,1
condition,3,1
large,3,1
enough,2,1
immediately,1,1
implies,2,1
draisma,1,1
bull,1,1
lond,1,1
math,1,1
soc,1,1
albeit,1,1
requiring,1,1
slightly,1,1
primitive,4,1
blockdiagonal,1,1
g_delta,2,1
dcpos,2,1
call,2,1
domaincomplete,3,1
lcscomplete,5,1
those,3,1
spacesin,2,1
topologically,1,1
vcech,1,1
quasipolish,2,1
polish,1,1
wilker,1,1
compactly,1,1
choquetcomplete,1,1
odotconsonantin,1,1
consonant,1,1
countablybased,1,1
exactly,1,1
metrizable,2,1
valuations,2,1
measures,1,1
sublinear,1,1
previsions,1,1
homeomorphic,1,1
hoare,1,1
powerdomain,1,1
godefroykalton,1,1
embed,3,2
way,2,1
xd,5,1
asymmetric,4,1
mathcalf_axd,2,1
free,8,1
semilipschitz,3,1
satisfies,1,1
linearization,1,1
mathrmslip_xd,1,1
vanishing,1,1
above,1,1
yields,2,1
inherits,1,1
naturally,1,1
asymmetrization,1,1
coming,1,1
mathcalfx,2,1
gives,1,1
rise,1,1
xd_,1,1
mathcalf_axd_,1,1
symmetrization,1,1
original,1,1
illustrated,1,1
trim,2,1
leaf,1,1
forest,1,1
obstruction,1,1
theoretic,1,1
intersection,16,1
pairs,2,1
generalizes,1,1
banagls,1,1
depth,1,1
stratifications,1,1
pseudomanifolds,1,1
compatible,1,1
trivial,1,1
fibrations,1,1
toric,1,1
complexes,5,1
axiomatic,1,1
goreskymcpherson,1,1
axioms,2,1
cohomology,3,1
pseudomanifold,1,1
hypercohomology,1,1
recovers,1,1
pair,1,1
derived,3,1
constructible,1,1
algebraic,4,2
lift,1,1
hodge,2,1
endowing,1,1
admitting,3,1
counterexamples,1,1
banagl,1,1
shifted,1,1
verdier,1,1
generic,1,1
poincare,1,1
duality,1,1
transformation,1,1
aronszajn,1,1
subcartesian,3,1
differential,3,2
subcategory,1,1
sikorski,1,1
homogeneous,6,1
coifman,1,1
weiss,1,1
inhomogeneous,1,1
independent,1,1
choices,1,1
expatis,1,1
expiatis,1,1
distributions,1,1
coincide,1,1
depend,1,1
geometrical,1,1
reflected,1,1
dyadic,1,1
cubes,1,1
comparing,1,1
major,1,1
novelty,1,1
get,1,1
rid,1,1
dependence,1,1
reverse,1,1
assumption,1,1
hence,1,1
final,1,1
realvariable,1,1
devoted,1,1
banachspacetheoretical,1,1
transportation,2,1
tc,6,1
arenseells,1,1
wasserstein,1,1
roadmap,1,1
pertinent,1,1
simplify,1,1
proofs,1,1
representation,1,1
quotients,1,1
ell_,1,1
edge,1,1
cycle,1,1
tolstoitype,1,1
roadmaps,2,1
subgraphs,1,1
graphs,2,1
supports,1,1
characterized,2,2
obstacles,1,1
preventing,1,1
containing,1,1
ell_inftyn,1,1
graph,1,1
diamond,1,1
ell_infty,1,1
overview,1,1
tendimensional,1,1
vacuum,1,1
einstein,1,1
made,1,1
fourdimensional,1,1
ricciflat,2,1
sixdimensional,1,1
solutions,1,1
singordon,1,1
equation,1,1
continue,1,1
pclosed,2,1
placed,1,1
quasihclosed,1,1
relationships,1,1
coorbit,2,1
feichtinger,1,1
grochenig,1,1
atomic,4,2
decompositions,2,1
fast,1,1
rates,1,1
nterm,1,1
timefrequency,1,1
modulation,3,2
mpq_m,1,1
pq,1,1
leq,1,1
forester,1,1
simplicial,1,1
tree,1,1
actions,1,1
finitely,1,1
generated,1,1
deformation,3,1
culler,1,1
vogtmanns,1,1
outer,2,1
ideas,1,1
skoras,1,1
contractibility,1,1
mild,1,1
hypotheses,1,1
contractible,1,1
among,2,1
transitivity,1,1
nicely,1,1
behaved,1,1
subgroups,1,1
typical,1,1
here,1,1
convextransitive,1,1
finitedimensional,1,1
perturbations,1,1
already,2,1
toeplitz,2,1
segalbargmann,2,1
contexts,1,1
gutzmers,1,1
formula,1,1
tool,1,1
identify,2,2
symbols,1,1
correspond,1,1
hermite,1,1
twisted,1,1
riemannian,2,1
hereditarily,1,1
indecomposable,2,1
complementably,1,1
ell_p,1,1
saturated,2,1
pinfty,1,1
initiates,1,1
systematic,1,1
moebius,2,1
ptolemy,2,1
conjecture,2,1
circles,1,1
inversions,1,1
boundary,1,1
infinity,1,1
noncompact,1,1
author,1,1
proposes,1,1
kpi,2,1
conjugation,1,1
g,3,1
covered,1,1
composed,1,1
cgls,3,1
integral,1,1
igls,1,1
generalizations,2,1
gls,1,1
calculate,2,2
boyds,1,1
conjugate,1,1
obeys,1,1
absolute,1,1
ordinal,1,1
alphaomega_,1,1
szlenk,2,1
index,2,1
omegaalpha,2,1
exceeding,1,1
involves,1,1
schreier,1,1
estimates,1,1
firstly,1,1
minkowski,1,1
e_,1,1
desitter,1,1
s_,1,1
harmonic,1,1
gauss,2,1
pick,2,1
druryarveson,2,1
trent,1,1
mccullough,1,1
ball,2,2
bolotnikov,1,1
fang,1,1
developable,2,1
g_deltadiagonal,1,1
combine,1,1
negative,1,1
distances,1,1
g_pmetric,2,1
nmetric,2,1
together,1,1
gmetric,1,1
cauchyriemann,1,1
operator,1,1
q_k,1,1
pseudoanalytic,1,1
extensions,1,1
true,1,1
bmoa,1,1
wallach,2,1
go,1,1
infinitedimensional,1,1
nnormed,4,1
observe,1,1
norms,3,1
viewpoint,1,1
observing,1,1
review,1,1
completeness,2,1
mathfrakm,4,1
variety,3,1
formation,1,1
sobolevtype,1,1
either,2,1
lower,1,1
bound,1,1
balls,1,1
domain,1,1
inside,1,1
countably,4,1
hausdorff,3,1
separation,1,1
urysohn,1,1
orbit,4,1
manifold,1,1
continuously,3,1
smith,1,1
ensures,1,1
exterior,1,1
differenial,1,1
statisfies,1,1
smiths,1,1
rhams,1,1
because,1,1
fields,1,1
flows,1,1
realvalued,1,1
restrictions,1,1
always,1,1
dense,1,1
compared,1,1
constants,3,1
small,2,1
von,3,1
neumannjordan,3,1
constant,5,1
modified,1,1
zbaganu,1,1
uniformly,1,1
nonsquareness,1,1
value,1,1
tensor,2,1
amalgam,1,1
component,1,1
describe,1,1
te,1,1
moduli,2,1
mathcalhsemistable,1,1
sheaves,1,1
delignemumford,1,1
stacks,1,1
gaussian,3,1
probability,2,1
intermediate,2,1
lives,1,1
rkhs,1,1
extends,1,1
happens,1,1
wiener,3,1
chosen,1,1
holder,1,1
paths,1,1
simple,1,1
deduce,1,1
exponential,1,1
tightness,1,1
probabilities,1,1
square,3,1
length,1,1
consequently,2,1
daugavet,1,1
never,1,1
decomposition,3,1
morreylorentz,3,1
weaktype,1,1
ragusa,1,1
olsen,1,1
inequality,2,1
sharpness,1,1
huang,3,1
et,4,1
al,4,1
recently,1,1
gl,2,1
generalisation,1,1
lushness,1,1
boyko,1,1
mup,2,1
mideal,1,1
again,2,1
ultraproducts,1,1
bidual,1,1
itself,1,1
still,1,1
nikolskiis,1,1
interpreted,1,1
eigenvalue,1,1
counting,1,1
laplacian,1,1
attained,1,1
beurling,2,1
analyse,1,1
betaversions,1,1
concerned,1,1
half,2,1
variable,3,1
exponents,3,1
quarkonial,1,1
rn_,1,1
